{
	"format_version": "1.8.0",
	"animations": {
		"animation.budew.ground_walk": {
			"loop": true,
			"animation_length": 1.25,
			"bones": {
				"stem": {
					"rotation": {
						"0.0": [-9.96271, -0.86717, -4.92442],
						"0.625": [-9.99851, 0.17364, 0.98481],
						"1.25": [-9.96271, -0.86717, -4.92442]
					}
				},
				"left_feet": {
					"rotation": {
						"0.0": [-15, 0, 0],
						"0.625": [12.99235, -0.44982, 1.94878],
						"1.25": [-15, 0, 0]
					}
				},
				"torso": {
					"rotation": {
						"0.0": [4.99318, 0.26135, -2.9886],
						"0.625": [7.49636, -4.37042, -0.1417],
						"1.25": [4.99318, 0.26135, -2.9886]
					},
					"position": {
						"0.0": [0, 0, -0.3],
						"0.625": [0, -0.3, -0.8],
						"1.25": [0, 0, -0.3]
					}
				},
				"right_feet": {
					"rotation": {
						"0.0": [15, 0, 0],
						"0.625": [-12.99235, 0.44982, 1.94878],
						"1.25": [15, 0, 0]
					}
				},
				"budew": {
					"scale": 0.65
				}
			}
		},
		"animation.budew.ground_idle": {
			"loop": true,
			"animation_length": 1.25,
			"bones": {
				"stem": {
					"rotation": {
						"0.0": [-4.98107, -0.43523, -4.98107],
						"0.3333": [-5, 0, 0],
						"0.625": [-4.92442, 0.86717, 9.96271],
						"0.9583": [-5, 0, 0],
						"1.25": [-4.98107, -0.43523, -4.98107]
					}
				},
				"left_feet": {
					"rotation": [-17.5, 0, 0]
				},
				"torso": {
					"rotation": {
						"0.0": [-2.47864, 0.32621, 7.49294],
						"0.3333": [-2.46576, 0.41249, -0.49944],
						"0.625": [-2.47864, 0.32621, "-7.4929"],
						"0.9583": [-2.46576, 0.41249, -0.49944],
						"1.25": [-2.47864, 0.32621, 7.49294]
					},
					"position": {
						"0.0": [0.7, 0.2, 0],
						"0.3333": [-0.63, -0.2, 0],
						"0.625": [-2.1, 0.2, 0],
						"0.9583": [-0.63, -0.2, 0],
						"1.25": [0.7, 0.2, 0]
					}
				},
				"right_feet": {
					"rotation": [-20, 0, 0]
				},
				"budew": {
					"scale": 0.75
				}
			}
		},
		"animation.budew.blink": {
			"animation_length": 0.33333,
			"bones": {
				"eyes": {
					"scale": {
						"0.0": [1, 1, 1],
						"0.0417": [1, 0, 1],
						"0.2083": [1, 0, 1],
						"0.25": [1, 1, 1]
					}
				}
			}
		},
		"animation.budew.faint": {
			"animation_length": 1.45833,
			"bones": {
				"stem": {
					"rotation": {
						"0.0": [-2.4905, 0.21782, 4.99527],
						"0.25": [-12.4905, 0.21782, 4.99527],
						"0.6667": [-17.4905, 0.21782, 4.99527],
						"0.9167": [-4.9905, 0.21782, 4.99527],
						"1.0": [-9.9905, 0.21782, 4.99527],
						"1.0833": [-4.9905, 0.21782, 4.99527]
					}
				},
				"left_feet": {
					"rotation": {
						"0.0": [-10, 0, 0],
						"0.375": [15, 0, 0],
						"0.9167": [-15, 0, 0]
					}
				},
				"torso": {
					"rotation": {
						"0.0": [0, 0, 0],
						"0.2917": [-6.07192, 0.07523, 0.1877],
						"0.3333": [-6.07192, 0.07523, 0.1877],
						"0.5417": [-33.15939, -3.76013, -8.67745],
						"0.75": [-67.59928, 4.59529, 0.04714],
						"0.9583": [-96.38927, 1.33011, 1.41557],
						"1.0833": [-87.14726, 0.67707, 1.68926]
					},
					"position": {
						"0.0417": [0, 0, 0],
						"0.8333": [0, -0.5, 0],
						"1.0": [0, -2.57, 0],
						"1.0833": [0, -3.3, 0],
						"1.25": [0, -5, 0]
					},
					"scale": {
						"0.8333": [1, 1, 1],
						"1.25": [0, 0, 0]
					}
				},
				"eyes": {
					"position": [0, 0, 0.08],
					"scale": {
						"0.0": [1, 1, 1],
						"0.125": [1, 1, 1],
						"0.2917": [1, 0.6, 1],
						"0.4167": [1, 0.6, 1],
						"0.5833": [0.9, 0.02, 1]
					}
				},
				"right_feet": {
					"rotation": {
						"0.0": [0, 0, 0],
						"0.375": [20, 0, 0],
						"0.9167": [-35, 0, 0]
					}
				},
				"mouth": {
					"rotation": {
						"0.5833": [0, 0, -2.5],
						"0.625": {"pre": [0, 0, -2.5], "post": [0, 0, -180]}
					},
					"position": {
						"0.0": [0, 0, 0],
						"0.2083": {"pre": [0, 0, 0], "post": [0, 0, 0]},
						"0.25": {"pre": [0, 0, 0], "post": [0, 0, 1]},
						"0.5833": {"pre": [0, 0, 1], "post": [0, 0, 0.11]},
						"0.625": {"pre": [0, 0, 0.11], "post": [0, 0.6, 0]}
					},
					"scale": {
						"0.0": [1, 0.82, 0.79],
						"0.5833": {"pre": [1, 0.82, 0.79], "post": [1, 0.82, 0.98]},
						"0.625": {"pre": [1, 0.82, 0.98], "post": [0.68, 0.65, 0.98]}
					}
				},
				"mouth_open": {
					"position": {
						"0.0": [0, 1.2, -0.1],
						"0.2083": {"pre": [0, 1.2, -0.1], "post": [0, 1.2, -0.1]},
						"0.25": {"pre": [0, 1.2, -0.1], "post": [0, 2.1, -1.1]},
						"0.5833": {"pre": [0, 2.1, -1.1], "post": [0, 2.1, -1.1]},
						"0.625": {"pre": [0, 2.1, -1.1], "post": [0, 2.1, -0.1]}
					},
					"scale": {
						"0.0": [0.6, 0.6, 1],
						"0.25": {"pre": [0.6, 0.6, 1], "post": [0.3, 0.4, 1]}
					}
				},
				"budew": {
					"scale": 0.75
				}
			}
		}
	}
}