{
	"format_version": "1.8.0",
	"animations": {
		"animation.capsakid.ground_idle": {
			"loop": true,
			"animation_length": 1.25,
			"bones": {
				"head": {
					"rotation": {
						"0.0": [5, 0, 0],
						"0.4583": {
							"pre": [-1.07, 0, -5],
							"post": [-1.07, 0, -5],
							"lerp_mode": "catmullrom"
						},
						"0.875": {
							"post": [-5, 0, 0],
							"lerp_mode": "catmullrom"
						},
						"1.0833": {
							"post": [0.48, 0, 5.27],
							"lerp_mode": "catmullrom"
						},
						"1.25": {
							"post": [5, 0, 0],
							"lerp_mode": "catmullrom"
						}
					}
				},
				"tail": {
					"rotation": {
						"0.0": [0, 0, 0],
						"0.0417": [-0.4853, 0.31136, 0],
						"0.0833": [-1.53161, 0.98264, 0],
						"0.125": [-2.85232, 1.82997, 0],
						"0.2917": [-8.83768, 5.67003, 0],
						"0.3333": [-10.15839, 6.51736, 0],
						"0.375": [-11.2047, 7.18864, 0],
						"0.4167": [-11.69, 7.5, 0],
						"0.4583": [-12.13877, 7.18864, 0],
						"0.5": [-13.10632, 6.51736, 0],
						"0.5417": [-14.3276, 5.67003, 0],
						"0.7083": [-19.8624, 1.82997, 0],
						"0.75": [-21.08368, 0.98264, 0],
						"0.7917": [-22.05123, 0.31136, 0],
						"0.8333": {
							"pre": [-22.5, 0, 0],
							"post": [-22.5, 0, 0],
							"lerp_mode": "catmullrom"
						},
						"1.25": [0, 0, 0]
					}
				},
				"upper_head": {
					"rotation": {
						"0.0": [0, 0, 0],
						"0.875": [-10, 0, 0],
						"1.25": [0, 0, 0]
					}
				},
				"body": {
					"rotation": {
						"0.0": [0, 0, 0],
						"0.7917": {
							"pre": [-5, 0, 0],
							"post": [-5, 0, 0],
							"lerp_mode": "catmullrom"
						},
						"1.25": {
							"post": [0, 0, 0],
							"lerp_mode": "catmullrom"
						}
					}
				}
			}
		},
		"animation.capsakid.ground_walk": {
			"loop": true,
			"animation_length": 1.08333,
			"bones": {
				"r_leg": {
					"rotation": {
						"0.0": [-2.78, 4.92, -0.92],
						"0.3333": [-10.27703, 4.92204, -0.92237],
						"0.625": [-0.28, 4.92, -0.92],
						"0.9583": [14.72, 4.92, -0.92],
						"1.0833": [-0.28, 4.92, -0.92]
					},
					"position": {
						"0.0": [0, 0, 0],
						"0.3333": [0, 1, 0],
						"0.625": [0, 0, 0],
						"0.9583": [0, 1, 0],
						"1.0833": [0, 0, 0]
					}
				},
				"l_leg": {
					"rotation": {
						"0.0": [0, 0, 0],
						"0.3333": [15, 0, 0],
						"0.625": [0, 0, 0],
						"0.9167": [-5.22705, 0, 0.70537],
						"1.0833": [4.4454, 0, 1.95393]
					},
					"position": {
						"0.0": [0, 0, 0],
						"0.3333": [0, 1, 0],
						"0.625": [0, 0, 0],
						"0.9167": [0, 1, 0],
						"1.0833": [0, 0, 0]
					}
				},
				"body": {
					"rotation": {
						"0.0": [-2.5, 0, 0],
						"0.3333": [-10, 0, 0],
						"0.625": [-3, 0, 0],
						"0.9167": [-10, 0, 0],
						"1.0833": [-2.5, 0, 0]
					},
					"position": {
						"0.0": [0, 0, 0],
						"0.25": [0, 1, 0],
						"0.3333": [0, 1, 0],
						"0.5417": [0, 0, 0],
						"0.625": [0, 0, 0],
						"0.9167": [0, 1, 0],
						"1.0833": [0, 0, 0]
					}
				},
				"head": {
					"rotation": {
						"0.0": [0, 0, 0],
						"0.625": [4, 0, 0],
						"1.0833": [0, 0, 0]
					}
				},
				"upper_head": {
					"rotation": {
						"0.0": [0, 0, 0],
						"0.625": [3, 0, 0],
						"1.0833": [0, 0, 0]
					}
				}
			}
		},
		"animation.capsakid.faint": {
			"animation_length": 0.91667,
			"bones": {
				"body": {
					"rotation": {
						"0.0": [0, 0, 0],
						"0.25": [0, 0, 0],
						"0.625": [-22.5, 0, 0]
					},
					"scale": {
						"0.0": [1, 1, 1],
						"0.625": [1, 1, 1],
						"0.9167": [0.01, 0.01, 0.01]
					}
				},
				"head": {
					"rotation": {
						"0.0": [0, 0, 0],
						"0.625": [-35, -12.5, 0]
					}
				},
				"upper_head": {
					"rotation": {
						"0.0": [2.5, 0, 0],
						"0.625": [-35, 0, 0]
					}
				},
				"r_leg": {
					"scale": {
						"0.0": [1, 1, 1],
						"0.625": [1, 1, 1],
						"0.9167": [0.01, 0.01, 0.01]
					}
				},
				"l_leg": {
					"scale": {
						"0.625": [1, 1, 1],
						"0.9167": [0.01, 0.01, 0.01]
					}
				}
			}
		}
	}
}